replicate,regime,policy,expected_total_cost,task_success_rate,incorrect_action_rate,clarification_frequency
0,calibrated,always_act,1.9295,0.6141,0.3859,0.0
0,calibrated,always_ask,1.0,1.0,0.0,1.0
0,calibrated,threshold,0.9625,0.984,0.016,0.8825
0,overconfident,always_act,1.9295,0.6141,0.3859,0.0
0,overconfident,always_ask,1.0,1.0,0.0,1.0
0,overconfident,threshold,1.1354,0.8847,0.1153,0.5589
0,underconfident,always_act,1.9295,0.6141,0.3859,0.0
0,underconfident,always_ask,1.0,1.0,0.0,1.0
0,underconfident,threshold,0.9984,0.9996,0.0004,0.9964
0,noisy,always_act,2.1075,0.5785,0.4215,0.0
0,noisy,always_ask,1.0,1.0,0.0,1.0
0,noisy,threshold,1.009,0.9645,0.0355,0.8315
1,calibrated,always_act,1.914,0.6172,0.3828,0.0
1,calibrated,always_ask,1.0,1.0,0.0,1.0
1,calibrated,threshold,0.957,0.9853,0.0147,0.8835
1,overconfident,always_act,1.914,0.6172,0.3828,0.0
1,overconfident,always_ask,1.0,1.0,0.0,1.0
1,overconfident,threshold,1.1019,0.8925,0.1075,0.5644
1,underconfident,always_act,1.914,0.6172,0.3828,0.0
1,underconfident,always_ask,1.0,1.0,0.0,1.0
1,underconfident,threshold,0.9966,1.0,0.0,0.9966
1,noisy,always_act,2.0825,0.5835,0.4165,0.0
1,noisy,always_ask,1.0,1.0,0.0,1.0
1,noisy,threshold,1.0064,0.9656,0.0344,0.8344
2,calibrated,always_act,1.9165,0.6167,0.3833,0.0
2,calibrated,always_ask,1.0,1.0,0.0,1.0
2,calibrated,threshold,0.9448,0.9861,0.0139,0.8753
2,overconfident,always_act,1.9165,0.6167,0.3833,0.0
2,overconfident,always_ask,1.0,1.0,0.0,1.0
2,overconfident,threshold,1.1113,0.8881,0.1119,0.5518
2,underconfident,always_act,1.9165,0.6167,0.3833,0.0
2,underconfident,always_ask,1.0,1.0,0.0,1.0
2,underconfident,threshold,0.9962,1.0,0.0,0.9962
2,noisy,always_act,2.082,0.5836,0.4164,0.0
2,noisy,always_ask,1.0,1.0,0.0,1.0
2,noisy,threshold,1.0016,0.9661,0.0339,0.8321
3,calibrated,always_act,1.9525,0.6095,0.3905,0.0
3,calibrated,always_ask,1.0,1.0,0.0,1.0
3,calibrated,threshold,0.9575,0.984,0.016,0.8775
3,overconfident,always_act,1.9525,0.6095,0.3905,0.0
3,overconfident,always_ask,1.0,1.0,0.0,1.0
3,overconfident,threshold,1.1243,0.8845,0.1155,0.5468
3,underconfident,always_act,1.9525,0.6095,0.3905,0.0
3,underconfident,always_ask,1.0,1.0,0.0,1.0
3,underconfident,threshold,0.9972,0.9999,0.0001,0.9967
3,noisy,always_act,2.0745,0.5851,0.4149,0.0
3,noisy,always_ask,1.0,1.0,0.0,1.0
3,noisy,threshold,1.0085,0.9641,0.0359,0.829
4,calibrated,always_act,1.955,0.609,0.391,0.0
4,calibrated,always_ask,1.0,1.0,0.0,1.0
4,calibrated,threshold,0.9583,0.9842,0.0158,0.8793
4,overconfident,always_act,1.955,0.609,0.391,0.0
4,overconfident,always_ask,1.0,1.0,0.0,1.0
4,overconfident,threshold,1.1254,0.8881,0.1119,0.5659
4,underconfident,always_act,1.955,0.609,0.391,0.0
4,underconfident,always_ask,1.0,1.0,0.0,1.0
4,underconfident,threshold,0.9974,0.9999,0.0001,0.9969
4,noisy,always_act,2.1495,0.5701,0.4299,0.0
4,noisy,always_ask,1.0,1.0,0.0,1.0
4,noisy,threshold,0.9969,0.9678,0.0322,0.8359
5,calibrated,always_act,1.9465,0.6107,0.3893,0.0
5,calibrated,always_ask,1.0,1.0,0.0,1.0
5,calibrated,threshold,0.9633,0.9828,0.0172,0.8773
5,overconfident,always_act,1.9465,0.6107,0.3893,0.0
5,overconfident,always_ask,1.0,1.0,0.0,1.0
5,overconfident,threshold,1.1286,0.8845,0.1155,0.5511
5,underconfident,always_act,1.9465,0.6107,0.3893,0.0
5,underconfident,always_ask,1.0,1.0,0.0,1.0
5,underconfident,threshold,0.9966,0.9999,0.0001,0.9961
5,noisy,always_act,2.105,0.579,0.421,0.0
5,noisy,always_ask,1.0,1.0,0.0,1.0
5,noisy,threshold,1.0053,0.966,0.034,0.8353
6,calibrated,always_act,1.9395,0.6121,0.3879,0.0
6,calibrated,always_ask,1.0,1.0,0.0,1.0
6,calibrated,threshold,0.9611,0.9823,0.0177,0.8726
6,overconfident,always_act,1.9395,0.6121,0.3879,0.0
6,overconfident,always_ask,1.0,1.0,0.0,1.0
6,overconfident,threshold,1.1242,0.8854,0.1146,0.5512
6,underconfident,always_act,1.9395,0.6121,0.3879,0.0
6,underconfident,always_ask,1.0,1.0,0.0,1.0
6,underconfident,threshold,0.9968,0.9999,0.0001,0.9963
6,noisy,always_act,2.0985,0.5803,0.4197,0.0
6,noisy,always_ask,1.0,1.0,0.0,1.0
6,noisy,threshold,1.0171,0.9621,0.0379,0.8276
7,calibrated,always_act,1.941,0.6118,0.3882,0.0
7,calibrated,always_ask,1.0,1.0,0.0,1.0
7,calibrated,threshold,0.9651,0.9847,0.0153,0.8886
7,overconfident,always_act,1.941,0.6118,0.3882,0.0
7,overconfident,always_ask,1.0,1.0,0.0,1.0
7,overconfident,threshold,1.1415,0.8847,0.1153,0.565
7,underconfident,always_act,1.941,0.6118,0.3882,0.0
7,underconfident,always_ask,1.0,1.0,0.0,1.0
7,underconfident,threshold,0.9968,1.0,0.0,0.9968
7,noisy,always_act,2.1365,0.5727,0.4273,0.0
7,noisy,always_ask,1.0,1.0,0.0,1.0
7,noisy,threshold,1.017,0.9648,0.0352,0.841
8,calibrated,always_act,1.9405,0.6119,0.3881,0.0
8,calibrated,always_ask,1.0,1.0,0.0,1.0
8,calibrated,threshold,0.964,0.9834,0.0166,0.881
8,overconfident,always_act,1.9405,0.6119,0.3881,0.0
8,overconfident,always_ask,1.0,1.0,0.0,1.0
8,overconfident,threshold,1.1404,0.8829,0.1171,0.5549
8,underconfident,always_act,1.9405,0.6119,0.3881,0.0
8,underconfident,always_ask,1.0,1.0,0.0,1.0
8,underconfident,threshold,0.9966,1.0,0.0,0.9966
8,noisy,always_act,2.1235,0.5753,0.4247,0.0
8,noisy,always_ask,1.0,1.0,0.0,1.0
8,noisy,threshold,1.0075,0.9654,0.0346,0.8345
9,calibrated,always_act,1.943,0.6114,0.3886,0.0
9,calibrated,always_ask,1.0,1.0,0.0,1.0
9,calibrated,threshold,0.9751,0.9805,0.0195,0.8776
9,overconfident,always_act,1.943,0.6114,0.3886,0.0
9,overconfident,always_ask,1.0,1.0,0.0,1.0
9,overconfident,threshold,1.1443,0.8834,0.1166,0.5613
9,underconfident,always_act,1.943,0.6114,0.3886,0.0
9,underconfident,always_ask,1.0,1.0,0.0,1.0
9,underconfident,threshold,0.9969,0.9998,0.0002,0.9959
9,noisy,always_act,2.143,0.5714,0.4286,0.0
9,noisy,always_ask,1.0,1.0,0.0,1.0
9,noisy,threshold,1.0218,0.9626,0.0374,0.8348
10,calibrated,always_act,1.918,0.6164,0.3836,0.0
10,calibrated,always_ask,1.0,1.0,0.0,1.0
10,calibrated,threshold,0.9633,0.9837,0.0163,0.8818
10,overconfident,always_act,1.918,0.6164,0.3836,0.0
10,overconfident,always_ask,1.0,1.0,0.0,1.0
10,overconfident,threshold,1.1166,0.8875,0.1125,0.5541
10,underconfident,always_act,1.918,0.6164,0.3836,0.0
10,underconfident,always_ask,1.0,1.0,0.0,1.0
10,underconfident,threshold,0.9964,0.9999,0.0001,0.9959
10,noisy,always_act,2.1115,0.5777,0.4223,0.0
10,noisy,always_ask,1.0,1.0,0.0,1.0
10,noisy,threshold,1.0028,0.9657,0.0343,0.8313
11,calibrated,always_act,1.9175,0.6165,0.3835,0.0
11,calibrated,always_ask,1.0,1.0,0.0,1.0
11,calibrated,threshold,0.9583,0.9852,0.0148,0.8843
11,overconfident,always_act,1.9175,0.6165,0.3835,0.0
11,overconfident,always_ask,1.0,1.0,0.0,1.0
11,overconfident,threshold,1.1108,0.8895,0.1105,0.5583
11,underconfident,always_act,1.9175,0.6165,0.3835,0.0
11,underconfident,always_ask,1.0,1.0,0.0,1.0
11,underconfident,threshold,0.9966,1.0,0.0,0.9966
11,noisy,always_act,2.1155,0.5769,0.4231,0.0
11,noisy,always_ask,1.0,1.0,0.0,1.0
11,noisy,threshold,0.9968,0.9675,0.0325,0.8343
12,calibrated,always_act,1.972,0.6056,0.3944,0.0
12,calibrated,always_ask,1.0,1.0,0.0,1.0
12,calibrated,threshold,0.9612,0.9844,0.0156,0.8832
12,overconfident,always_act,1.972,0.6056,0.3944,0.0
12,overconfident,always_ask,1.0,1.0,0.0,1.0
12,overconfident,threshold,1.1469,0.8843,0.1157,0.5684
12,underconfident,always_act,1.972,0.6056,0.3944,0.0
12,underconfident,always_ask,1.0,1.0,0.0,1.0
12,underconfident,threshold,0.9963,0.9999,0.0001,0.9958
12,noisy,always_act,2.1425,0.5715,0.4285,0.0
12,noisy,always_ask,1.0,1.0,0.0,1.0
12,noisy,threshold,1.0196,0.9636,0.0364,0.8376
13,calibrated,always_act,1.943,0.6114,0.3886,0.0
13,calibrated,always_ask,1.0,1.0,0.0,1.0
13,calibrated,threshold,0.9693,0.983,0.017,0.8843
13,overconfident,always_act,1.943,0.6114,0.3886,0.0
13,overconfident,always_ask,1.0,1.0,0.0,1.0
13,overconfident,threshold,1.1215,0.8882,0.1118,0.5625
13,underconfident,always_act,1.943,0.6114,0.3886,0.0
13,underconfident,always_ask,1.0,1.0,0.0,1.0
13,underconfident,threshold,0.998,0.9997,0.0003,0.9965
13,noisy,always_act,2.114,0.5772,0.4228,0.0
13,noisy,always_ask,1.0,1.0,0.0,1.0
13,noisy,threshold,1.0098,0.9657,0.0343,0.8383
14,calibrated,always_act,1.9315,0.6137,0.3863,0.0
14,calibrated,always_ask,1.0,1.0,0.0,1.0
14,calibrated,threshold,0.9521,0.986,0.014,0.8821
14,overconfident,always_act,1.9315,0.6137,0.3863,0.0
14,overconfident,always_ask,1.0,1.0,0.0,1.0
14,overconfident,threshold,1.117,0.888,0.112,0.557
14,underconfident,always_act,1.9315,0.6137,0.3863,0.0
14,underconfident,always_ask,1.0,1.0,0.0,1.0
14,underconfident,threshold,0.9975,1.0,0.0,0.9975
14,noisy,always_act,2.109,0.5782,0.4218,0.0
14,noisy,always_ask,1.0,1.0,0.0,1.0
14,noisy,threshold,1.0025,0.9663,0.0337,0.834
15,calibrated,always_act,1.9405,0.6119,0.3881,0.0
15,calibrated,always_ask,1.0,1.0,0.0,1.0
15,calibrated,threshold,0.9609,0.9845,0.0155,0.8834
15,overconfident,always_act,1.9405,0.6119,0.3881,0.0
15,overconfident,always_ask,1.0,1.0,0.0,1.0
15,overconfident,threshold,1.1186,0.8862,0.1138,0.5496
15,underconfident,always_act,1.9405,0.6119,0.3881,0.0
15,underconfident,always_ask,1.0,1.0,0.0,1.0
15,underconfident,threshold,0.9973,0.9999,0.0001,0.9968
15,noisy,always_act,2.0945,0.5811,0.4189,0.0
15,noisy,always_ask,1.0,1.0,0.0,1.0
15,noisy,threshold,0.9963,0.9677,0.0323,0.8348
16,calibrated,always_act,1.939,0.6122,0.3878,0.0
16,calibrated,always_ask,1.0,1.0,0.0,1.0
16,calibrated,threshold,0.9515,0.9863,0.0137,0.883
16,overconfident,always_act,1.939,0.6122,0.3878,0.0
16,overconfident,always_ask,1.0,1.0,0.0,1.0
16,overconfident,threshold,1.1202,0.8877,0.1123,0.5587
16,underconfident,always_act,1.939,0.6122,0.3878,0.0
16,underconfident,always_ask,1.0,1.0,0.0,1.0
16,underconfident,threshold,0.9968,1.0,0.0,0.9968
16,noisy,always_act,2.1295,0.5741,0.4259,0.0
16,noisy,always_ask,1.0,1.0,0.0,1.0
16,noisy,threshold,1.0077,0.9654,0.0346,0.8347
17,calibrated,always_act,1.919,0.6162,0.3838,0.0
17,calibrated,always_ask,1.0,1.0,0.0,1.0
17,calibrated,threshold,0.9513,0.9859,0.0141,0.8808
17,overconfident,always_act,1.919,0.6162,0.3838,0.0
17,overconfident,always_ask,1.0,1.0,0.0,1.0
17,overconfident,threshold,1.1013,0.8916,0.1084,0.5593
17,underconfident,always_act,1.919,0.6162,0.3838,0.0
17,underconfident,always_ask,1.0,1.0,0.0,1.0
17,underconfident,threshold,0.9975,0.9999,0.0001,0.997
17,noisy,always_act,2.1015,0.5797,0.4203,0.0
17,noisy,always_ask,1.0,1.0,0.0,1.0
17,noisy,threshold,0.9917,0.9691,0.0309,0.8372
18,calibrated,always_act,1.9395,0.6121,0.3879,0.0
18,calibrated,always_ask,1.0,1.0,0.0,1.0
18,calibrated,threshold,0.9541,0.9847,0.0153,0.8776
18,overconfident,always_act,1.9395,0.6121,0.3879,0.0
18,overconfident,always_ask,1.0,1.0,0.0,1.0
18,overconfident,threshold,1.1118,0.89,0.11,0.5618
18,underconfident,always_act,1.9395,0.6121,0.3879,0.0
18,underconfident,always_ask,1.0,1.0,0.0,1.0
18,underconfident,threshold,0.996,1.0,0.0,0.996
18,noisy,always_act,2.1325,0.5735,0.4265,0.0
18,noisy,always_ask,1.0,1.0,0.0,1.0
18,noisy,threshold,0.9915,0.9677,0.0323,0.83
19,calibrated,always_act,1.878,0.6244,0.3756,0.0
19,calibrated,always_ask,1.0,1.0,0.0,1.0
19,calibrated,threshold,0.9549,0.9848,0.0152,0.8789
19,overconfident,always_act,1.878,0.6244,0.3756,0.0
19,overconfident,always_ask,1.0,1.0,0.0,1.0
19,overconfident,threshold,1.095,0.8923,0.1077,0.5565
19,underconfident,always_act,1.878,0.6244,0.3756,0.0
19,underconfident,always_ask,1.0,1.0,0.0,1.0
19,underconfident,threshold,0.9973,0.9998,0.0002,0.9963
19,noisy,always_act,2.096,0.5808,0.4192,0.0
19,noisy,always_ask,1.0,1.0,0.0,1.0
19,noisy,threshold,0.9914,0.9682,0.0318,0.8324
20,calibrated,always_act,1.9425,0.6115,0.3885,0.0
20,calibrated,always_ask,1.0,1.0,0.0,1.0
20,calibrated,threshold,0.9671,0.982,0.018,0.8771
20,overconfident,always_act,1.9425,0.6115,0.3885,0.0
20,overconfident,always_ask,1.0,1.0,0.0,1.0
20,overconfident,threshold,1.1221,0.8879,0.1121,0.5616
20,underconfident,always_act,1.9425,0.6115,0.3885,0.0
20,underconfident,always_ask,1.0,1.0,0.0,1.0
20,underconfident,threshold,0.9972,0.9998,0.0002,0.9962
20,noisy,always_act,2.097,0.5806,0.4194,0.0
20,noisy,always_ask,1.0,1.0,0.0,1.0
20,noisy,threshold,1.005,0.9659,0.0341,0.8345
21,calibrated,always_act,1.9545,0.6091,0.3909,0.0
21,calibrated,always_ask,1.0,1.0,0.0,1.0
21,calibrated,threshold,0.9694,0.9825,0.0175,0.8819
21,overconfident,always_act,1.9545,0.6091,0.3909,0.0
21,overconfident,always_ask,1.0,1.0,0.0,1.0
21,overconfident,threshold,1.1282,0.8854,0.1146,0.5552
21,underconfident,always_act,1.9545,0.6091,0.3909,0.0
21,underconfident,always_ask,1.0,1.0,0.0,1.0
21,underconfident,threshold,0.9982,0.9999,0.0001,0.9977
21,noisy,always_act,2.0945,0.5811,0.4189,0.0
21,noisy,always_ask,1.0,1.0,0.0,1.0
21,noisy,threshold,1.0125,0.9643,0.0357,0.834
22,calibrated,always_act,1.931,0.6138,0.3862,0.0
22,calibrated,always_ask,1.0,1.0,0.0,1.0
22,calibrated,threshold,0.9667,0.9839,0.0161,0.8862
22,overconfident,always_act,1.931,0.6138,0.3862,0.0
22,overconfident,always_ask,1.0,1.0,0.0,1.0
22,overconfident,threshold,1.129,0.8862,0.1138,0.56
22,underconfident,always_act,1.931,0.6138,0.3862,0.0
22,underconfident,always_ask,1.0,1.0,0.0,1.0
22,underconfident,threshold,0.9969,0.9998,0.0002,0.9959
22,noisy,always_act,2.123,0.5754,0.4246,0.0
22,noisy,always_ask,1.0,1.0,0.0,1.0
22,noisy,threshold,1.0089,0.965,0.035,0.8339
23,calibrated,always_act,1.926,0.6148,0.3852,0.0
23,calibrated,always_ask,1.0,1.0,0.0,1.0
23,calibrated,threshold,0.9606,0.9844,0.0156,0.8826
23,overconfident,always_act,1.926,0.6148,0.3852,0.0
23,overconfident,always_ask,1.0,1.0,0.0,1.0
23,overconfident,threshold,1.134,0.8848,0.1152,0.558
23,underconfident,always_act,1.926,0.6148,0.3852,0.0
23,underconfident,always_ask,1.0,1.0,0.0,1.0
23,underconfident,threshold,0.9968,0.9998,0.0002,0.9958
23,noisy,always_act,2.1425,0.5715,0.4285,0.0
23,noisy,always_ask,1.0,1.0,0.0,1.0
23,noisy,threshold,1.0087,0.9656,0.0344,0.8367
24,calibrated,always_act,1.9265,0.6147,0.3853,0.0
24,calibrated,always_ask,1.0,1.0,0.0,1.0
24,calibrated,threshold,0.9557,0.9854,0.0146,0.8827
24,overconfident,always_act,1.9265,0.6147,0.3853,0.0
24,overconfident,always_ask,1.0,1.0,0.0,1.0
24,overconfident,threshold,1.1063,0.8901,0.1099,0.5568
24,underconfident,always_act,1.9265,0.6147,0.3853,0.0
24,underconfident,always_ask,1.0,1.0,0.0,1.0
24,underconfident,threshold,0.9962,1.0,0.0,0.9962
24,noisy,always_act,2.064,0.5872,0.4128,0.0
24,noisy,always_ask,1.0,1.0,0.0,1.0
24,noisy,threshold,1.0012,0.9666,0.0334,0.8342
25,calibrated,always_act,1.9255,0.6149,0.3851,0.0
25,calibrated,always_ask,1.0,1.0,0.0,1.0
25,calibrated,threshold,0.9567,0.985,0.015,0.8817
25,overconfident,always_act,1.9255,0.6149,0.3851,0.0
25,overconfident,always_ask,1.0,1.0,0.0,1.0
25,overconfident,threshold,1.1467,0.8821,0.1179,0.5572
25,underconfident,always_act,1.9255,0.6149,0.3851,0.0
25,underconfident,always_ask,1.0,1.0,0.0,1.0
25,underconfident,threshold,0.9962,1.0,0.0,0.9962
25,noisy,always_act,2.132,0.5736,0.4264,0.0
25,noisy,always_ask,1.0,1.0,0.0,1.0
25,noisy,threshold,1.0006,0.9674,0.0326,0.8376
26,calibrated,always_act,1.968,0.6064,0.3936,0.0
26,calibrated,always_ask,1.0,1.0,0.0,1.0
26,calibrated,threshold,0.9743,0.9819,0.0181,0.8838
26,overconfident,always_act,1.968,0.6064,0.3936,0.0
26,overconfident,always_ask,1.0,1.0,0.0,1.0
26,overconfident,threshold,1.1315,0.8863,0.1137,0.563
26,underconfident,always_act,1.968,0.6064,0.3936,0.0
26,underconfident,always_ask,1.0,1.0,0.0,1.0
26,underconfident,threshold,0.9966,1.0,0.0,0.9966
26,noisy,always_act,2.132,0.5736,0.4264,0.0
26,noisy,always_ask,1.0,1.0,0.0,1.0
26,noisy,threshold,1.0121,0.9651,0.0349,0.8376
27,calibrated,always_act,1.9465,0.6107,0.3893,0.0
27,calibrated,always_ask,1.0,1.0,0.0,1.0
27,calibrated,threshold,0.9652,0.983,0.017,0.8802
27,overconfident,always_act,1.9465,0.6107,0.3893,0.0
27,overconfident,always_ask,1.0,1.0,0.0,1.0
27,overconfident,threshold,1.1176,0.8885,0.1115,0.5601
27,underconfident,always_act,1.9465,0.6107,0.3893,0.0
27,underconfident,always_ask,1.0,1.0,0.0,1.0
27,underconfident,threshold,0.9968,0.9999,0.0001,0.9963
27,noisy,always_act,2.094,0.5812,0.4188,0.0
27,noisy,always_ask,1.0,1.0,0.0,1.0
27,noisy,threshold,1.0161,0.9632,0.0368,0.8321
28,calibrated,always_act,1.9485,0.6103,0.3897,0.0
28,calibrated,always_ask,1.0,1.0,0.0,1.0
28,calibrated,threshold,0.9472,0.9863,0.0137,0.8787
28,overconfident,always_act,1.9485,0.6103,0.3897,0.0
28,overconfident,always_ask,1.0,1.0,0.0,1.0
28,overconfident,threshold,1.1054,0.8915,0.1085,0.5629
28,underconfident,always_act,1.9485,0.6103,0.3897,0.0
28,underconfident,always_ask,1.0,1.0,0.0,1.0
28,underconfident,threshold,0.997,0.9998,0.0002,0.996
28,noisy,always_act,2.092,0.5816,0.4184,0.0
28,noisy,always_ask,1.0,1.0,0.0,1.0
28,noisy,threshold,0.9947,0.9674,0.0326,0.8317
29,calibrated,always_act,1.9355,0.6129,0.3871,0.0
29,calibrated,always_ask,1.0,1.0,0.0,1.0
29,calibrated,threshold,0.9568,0.9838,0.0162,0.8758
29,overconfident,always_act,1.9355,0.6129,0.3871,0.0
29,overconfident,always_ask,1.0,1.0,0.0,1.0
29,overconfident,threshold,1.1132,0.8894,0.1106,0.5602
29,underconfident,always_act,1.9355,0.6129,0.3871,0.0
29,underconfident,always_ask,1.0,1.0,0.0,1.0
29,underconfident,threshold,0.9964,0.9998,0.0002,0.9954
29,noisy,always_act,2.1005,0.5799,0.4201,0.0
29,noisy,always_ask,1.0,1.0,0.0,1.0
29,noisy,threshold,1.0142,0.9637,0.0363,0.8327
30,calibrated,always_act,1.951,0.6098,0.3902,0.0
30,calibrated,always_ask,1.0,1.0,0.0,1.0
30,calibrated,threshold,0.956,0.9843,0.0157,0.8775
30,overconfident,always_act,1.951,0.6098,0.3902,0.0
30,overconfident,always_ask,1.0,1.0,0.0,1.0
30,overconfident,threshold,1.1339,0.8855,0.1145,0.5614
30,underconfident,always_act,1.951,0.6098,0.3902,0.0
30,underconfident,always_ask,1.0,1.0,0.0,1.0
30,underconfident,threshold,0.9976,0.9999,0.0001,0.9971
30,noisy,always_act,2.1095,0.5781,0.4219,0.0
30,noisy,always_ask,1.0,1.0,0.0,1.0
30,noisy,threshold,1.0075,0.9651,0.0349,0.833
31,calibrated,always_act,1.9535,0.6093,0.3907,0.0
31,calibrated,always_ask,1.0,1.0,0.0,1.0
31,calibrated,threshold,0.9627,0.9837,0.0163,0.8812
31,overconfident,always_act,1.9535,0.6093,0.3907,0.0
31,overconfident,always_ask,1.0,1.0,0.0,1.0
31,overconfident,threshold,1.1168,0.887,0.113,0.5518
31,underconfident,always_act,1.9535,0.6093,0.3907,0.0
31,underconfident,always_ask,1.0,1.0,0.0,1.0
31,underconfident,threshold,0.9968,0.9998,0.0002,0.9958
31,noisy,always_act,2.1135,0.5773,0.4227,0.0
31,noisy,always_ask,1.0,1.0,0.0,1.0
31,noisy,threshold,0.9999,0.9682,0.0318,0.8409
32,calibrated,always_act,1.965,0.607,0.393,0.0
32,calibrated,always_ask,1.0,1.0,0.0,1.0
32,calibrated,threshold,0.9578,0.9839,0.0161,0.8773
32,overconfident,always_act,1.965,0.607,0.393,0.0
32,overconfident,always_ask,1.0,1.0,0.0,1.0
32,overconfident,threshold,1.1106,0.8887,0.1113,0.5541
32,underconfident,always_act,1.965,0.607,0.393,0.0
32,underconfident,always_ask,1.0,1.0,0.0,1.0
32,underconfident,threshold,0.9967,1.0,0.0,0.9967
32,noisy,always_act,2.1125,0.5775,0.4225,0.0
32,noisy,always_ask,1.0,1.0,0.0,1.0
32,noisy,threshold,1.0049,0.9656,0.0344,0.8329
33,calibrated,always_act,1.8885,0.6223,0.3777,0.0
33,calibrated,always_ask,1.0,1.0,0.0,1.0
33,calibrated,threshold,0.9608,0.9837,0.0163,0.8793
33,overconfident,always_act,1.8885,0.6223,0.3777,0.0
33,overconfident,always_ask,1.0,1.0,0.0,1.0
33,overconfident,threshold,1.1165,0.8871,0.1129,0.552
33,underconfident,always_act,1.8885,0.6223,0.3777,0.0
33,underconfident,always_ask,1.0,1.0,0.0,1.0
33,underconfident,threshold,0.9956,1.0,0.0,0.9956
33,noisy,always_act,2.065,0.587,0.413,0.0
33,noisy,always_ask,1.0,1.0,0.0,1.0
33,noisy,threshold,1.0059,0.9643,0.0357,0.8274
34,calibrated,always_act,1.908,0.6184,0.3816,0.0
34,calibrated,always_ask,1.0,1.0,0.0,1.0
34,calibrated,threshold,0.9637,0.9826,0.0174,0.8767
34,overconfident,always_act,1.908,0.6184,0.3816,0.0
34,overconfident,always_ask,1.0,1.0,0.0,1.0
34,overconfident,threshold,1.1172,0.8882,0.1118,0.5582
34,underconfident,always_act,1.908,0.6184,0.3816,0.0
34,underconfident,always_ask,1.0,1.0,0.0,1.0
34,underconfident,threshold,0.9961,0.9999,0.0001,0.9956
34,noisy,always_act,2.117,0.5766,0.4234,0.0
34,noisy,always_ask,1.0,1.0,0.0,1.0
34,noisy,threshold,1.0097,0.9648,0.0352,0.8337
35,calibrated,always_act,1.9795,0.6041,0.3959,0.0
35,calibrated,always_ask,1.0,1.0,0.0,1.0
35,calibrated,threshold,0.968,0.9821,0.0179,0.8785
35,overconfident,always_act,1.9795,0.6041,0.3959,0.0
35,overconfident,always_ask,1.0,1.0,0.0,1.0
35,overconfident,threshold,1.1448,0.8831,0.1169,0.5603
35,underconfident,always_act,1.9795,0.6041,0.3959,0.0
35,underconfident,always_ask,1.0,1.0,0.0,1.0
35,underconfident,threshold,0.9975,0.9999,0.0001,0.997
35,noisy,always_act,2.1615,0.5677,0.4323,0.0
35,noisy,always_ask,1.0,1.0,0.0,1.0
35,noisy,threshold,1.0204,0.963,0.037,0.8354
36,calibrated,always_act,1.927,0.6146,0.3854,0.0
36,calibrated,always_ask,1.0,1.0,0.0,1.0
36,calibrated,threshold,0.9602,0.9837,0.0163,0.8787
36,overconfident,always_act,1.927,0.6146,0.3854,0.0
36,overconfident,always_ask,1.0,1.0,0.0,1.0
36,overconfident,threshold,1.1449,0.8812,0.1188,0.5509
36,underconfident,always_act,1.927,0.6146,0.3854,0.0
36,underconfident,always_ask,1.0,1.0,0.0,1.0
36,underconfident,threshold,0.9954,0.9999,0.0001,0.9949
36,noisy,always_act,2.1475,0.5705,0.4295,0.0
36,noisy,always_ask,1.0,1.0,0.0,1.0
36,noisy,threshold,1.0089,0.964,0.036,0.8289
37,calibrated,always_act,1.9045,0.6191,0.3809,0.0
37,calibrated,always_ask,1.0,1.0,0.0,1.0
37,calibrated,threshold,0.9498,0.9868,0.0132,0.8838
37,overconfident,always_act,1.9045,0.6191,0.3809,0.0
37,overconfident,always_ask,1.0,1.0,0.0,1.0
37,overconfident,threshold,1.0988,0.8935,0.1065,0.5663
37,underconfident,always_act,1.9045,0.6191,0.3809,0.0
37,underconfident,always_ask,1.0,1.0,0.0,1.0
37,underconfident,threshold,0.9949,1.0,0.0,0.9949
37,noisy,always_act,2.0835,0.5833,0.4167,0.0
37,noisy,always_ask,1.0,1.0,0.0,1.0
37,noisy,threshold,1.0026,0.9673,0.0327,0.8391
38,calibrated,always_act,1.9585,0.6083,0.3917,0.0
38,calibrated,always_ask,1.0,1.0,0.0,1.0
38,calibrated,threshold,0.9559,0.9845,0.0155,0.8784
38,overconfident,always_act,1.9585,0.6083,0.3917,0.0
38,overconfident,always_ask,1.0,1.0,0.0,1.0
38,overconfident,threshold,1.1345,0.8846,0.1154,0.5575
38,underconfident,always_act,1.9585,0.6083,0.3917,0.0
38,underconfident,always_ask,1.0,1.0,0.0,1.0
38,underconfident,threshold,0.9971,0.9999,0.0001,0.9966
38,noisy,always_act,2.135,0.573,0.427,0.0
38,noisy,always_ask,1.0,1.0,0.0,1.0
38,noisy,threshold,1.0081,0.9645,0.0355,0.8306
39,calibrated,always_act,1.917,0.6166,0.3834,0.0
39,calibrated,always_ask,1.0,1.0,0.0,1.0
39,calibrated,threshold,0.9497,0.9863,0.0137,0.8812
39,overconfident,always_act,1.917,0.6166,0.3834,0.0
39,overconfident,always_ask,1.0,1.0,0.0,1.0
39,overconfident,threshold,1.129,0.8852,0.1148,0.555
39,underconfident,always_act,1.917,0.6166,0.3834,0.0
39,underconfident,always_ask,1.0,1.0,0.0,1.0
39,underconfident,threshold,0.9968,0.9999,0.0001,0.9963
39,noisy,always_act,2.102,0.5796,0.4204,0.0
39,noisy,always_ask,1.0,1.0,0.0,1.0
39,noisy,threshold,0.992,0.9688,0.0312,0.836
40,calibrated,always_act,1.9535,0.6093,0.3907,0.0
40,calibrated,always_ask,1.0,1.0,0.0,1.0
40,calibrated,threshold,0.9614,0.9835,0.0165,0.8789
40,overconfident,always_act,1.9535,0.6093,0.3907,0.0
40,overconfident,always_ask,1.0,1.0,0.0,1.0
40,overconfident,threshold,1.141,0.8844,0.1156,0.563
40,underconfident,always_act,1.9535,0.6093,0.3907,0.0
40,underconfident,always_ask,1.0,1.0,0.0,1.0
40,underconfident,threshold,0.996,1.0,0.0,0.996
40,noisy,always_act,2.131,0.5738,0.4262,0.0
40,noisy,always_ask,1.0,1.0,0.0,1.0
40,noisy,threshold,1.0026,0.9665,0.0335,0.8351
41,calibrated,always_act,1.96,0.608,0.392,0.0
41,calibrated,always_ask,1.0,1.0,0.0,1.0
41,calibrated,threshold,0.969,0.9827,0.0173,0.8825
41,overconfident,always_act,1.96,0.608,0.392,0.0
41,overconfident,always_ask,1.0,1.0,0.0,1.0
41,overconfident,threshold,1.1261,0.8868,0.1132,0.5601
41,underconfident,always_act,1.96,0.608,0.392,0.0
41,underconfident,always_ask,1.0,1.0,0.0,1.0
41,underconfident,threshold,0.9982,0.9998,0.0002,0.9972
41,noisy,always_act,2.156,0.5688,0.4312,0.0
41,noisy,always_ask,1.0,1.0,0.0,1.0
41,noisy,threshold,1.0095,0.9658,0.0342,0.8385
42,calibrated,always_act,1.919,0.6162,0.3838,0.0
42,calibrated,always_ask,1.0,1.0,0.0,1.0
42,calibrated,threshold,0.951,0.9853,0.0147,0.8775
42,overconfident,always_act,1.919,0.6162,0.3838,0.0
42,overconfident,always_ask,1.0,1.0,0.0,1.0
42,overconfident,threshold,1.0994,0.8904,0.1096,0.5514
42,underconfident,always_act,1.919,0.6162,0.3838,0.0
42,underconfident,always_ask,1.0,1.0,0.0,1.0
42,underconfident,threshold,0.997,0.9999,0.0001,0.9965
42,noisy,always_act,2.101,0.5798,0.4202,0.0
42,noisy,always_ask,1.0,1.0,0.0,1.0
42,noisy,threshold,1.0045,0.9656,0.0344,0.8325
43,calibrated,always_act,1.951,0.6098,0.3902,0.0
43,calibrated,always_ask,1.0,1.0,0.0,1.0
43,calibrated,threshold,0.9621,0.9829,0.0171,0.8766
43,overconfident,always_act,1.951,0.6098,0.3902,0.0
43,overconfident,always_ask,1.0,1.0,0.0,1.0
43,overconfident,threshold,1.1324,0.8846,0.1154,0.5554
43,underconfident,always_act,1.951,0.6098,0.3902,0.0
43,underconfident,always_ask,1.0,1.0,0.0,1.0
43,underconfident,threshold,0.998,0.9998,0.0002,0.997
43,noisy,always_act,2.1075,0.5785,0.4215,0.0
43,noisy,always_ask,1.0,1.0,0.0,1.0
43,noisy,threshold,1.0257,0.9602,0.0398,0.8267
44,calibrated,always_act,1.966,0.6068,0.3932,0.0
44,calibrated,always_ask,1.0,1.0,0.0,1.0
44,calibrated,threshold,0.9602,0.9831,0.0169,0.8757
44,overconfident,always_act,1.966,0.6068,0.3932,0.0
44,overconfident,always_ask,1.0,1.0,0.0,1.0
44,overconfident,threshold,1.1328,0.8848,0.1152,0.5568
44,underconfident,always_act,1.966,0.6068,0.3932,0.0
44,underconfident,always_ask,1.0,1.0,0.0,1.0
44,underconfident,threshold,0.9961,1.0,0.0,0.9961
44,noisy,always_act,2.115,0.577,0.423,0.0
44,noisy,always_ask,1.0,1.0,0.0,1.0
44,noisy,threshold,1.0077,0.9649,0.0351,0.8322
45,calibrated,always_act,1.947,0.6106,0.3894,0.0
45,calibrated,always_ask,1.0,1.0,0.0,1.0
45,calibrated,threshold,0.9572,0.9845,0.0155,0.8797
45,overconfident,always_act,1.947,0.6106,0.3894,0.0
45,overconfident,always_ask,1.0,1.0,0.0,1.0
45,overconfident,threshold,1.1153,0.8895,0.1105,0.5628
45,underconfident,always_act,1.947,0.6106,0.3894,0.0
45,underconfident,always_ask,1.0,1.0,0.0,1.0
45,underconfident,threshold,0.9964,1.0,0.0,0.9964
45,noisy,always_act,2.118,0.5764,0.4236,0.0
45,noisy,always_ask,1.0,1.0,0.0,1.0
45,noisy,threshold,0.9954,0.9678,0.0322,0.8344
46,calibrated,always_act,2.01,0.598,0.402,0.0
46,calibrated,always_ask,1.0,1.0,0.0,1.0
46,calibrated,threshold,0.9638,0.984,0.016,0.8838
46,overconfident,always_act,2.01,0.598,0.402,0.0
46,overconfident,always_ask,1.0,1.0,0.0,1.0
46,overconfident,threshold,1.1415,0.8863,0.1137,0.573
46,underconfident,always_act,2.01,0.598,0.402,0.0
46,underconfident,always_ask,1.0,1.0,0.0,1.0
46,underconfident,threshold,0.9962,1.0,0.0,0.9962
46,noisy,always_act,2.1545,0.5691,0.4309,0.0
46,noisy,always_ask,1.0,1.0,0.0,1.0
46,noisy,threshold,1.0122,0.9654,0.0346,0.8392
47,calibrated,always_act,1.9235,0.6153,0.3847,0.0
47,calibrated,always_ask,1.0,1.0,0.0,1.0
47,calibrated,threshold,0.9647,0.982,0.018,0.8747
47,overconfident,always_act,1.9235,0.6153,0.3847,0.0
47,overconfident,always_ask,1.0,1.0,0.0,1.0
47,overconfident,threshold,1.1176,0.8866,0.1134,0.5506
47,underconfident,always_act,1.9235,0.6153,0.3847,0.0
47,underconfident,always_ask,1.0,1.0,0.0,1.0
47,underconfident,threshold,0.9959,1.0,0.0,0.9959
47,noisy,always_act,2.1065,0.5787,0.4213,0.0
47,noisy,always_ask,1.0,1.0,0.0,1.0
47,noisy,threshold,1.0095,0.9641,0.0359,0.83
48,calibrated,always_act,1.965,0.607,0.393,0.0
48,calibrated,always_ask,1.0,1.0,0.0,1.0
48,calibrated,threshold,0.9624,0.9832,0.0168,0.8784
48,overconfident,always_act,1.965,0.607,0.393,0.0
48,overconfident,always_ask,1.0,1.0,0.0,1.0
48,overconfident,threshold,1.1213,0.8875,0.1125,0.5588
48,underconfident,always_act,1.965,0.607,0.393,0.0
48,underconfident,always_ask,1.0,1.0,0.0,1.0
48,underconfident,threshold,0.9974,1.0,0.0,0.9974
48,noisy,always_act,2.127,0.5746,0.4254,0.0
48,noisy,always_ask,1.0,1.0,0.0,1.0
48,noisy,threshold,0.9973,0.9672,0.0328,0.8333
49,calibrated,always_act,1.922,0.6156,0.3844,0.0
49,calibrated,always_ask,1.0,1.0,0.0,1.0
49,calibrated,threshold,0.9593,0.9835,0.0165,0.8768
49,overconfident,always_act,1.922,0.6156,0.3844,0.0
49,overconfident,always_ask,1.0,1.0,0.0,1.0
49,overconfident,threshold,1.0986,0.8939,0.1061,0.5681
49,underconfident,always_act,1.922,0.6156,0.3844,0.0
49,underconfident,always_ask,1.0,1.0,0.0,1.0
49,underconfident,threshold,0.9975,0.9998,0.0002,0.9965
49,noisy,always_act,2.079,0.5842,0.4158,0.0
49,noisy,always_ask,1.0,1.0,0.0,1.0
49,noisy,threshold,0.9999,0.9661,0.0339,0.8304
50,calibrated,always_act,1.933,0.6134,0.3866,0.0
50,calibrated,always_ask,1.0,1.0,0.0,1.0
50,calibrated,threshold,0.964,0.9832,0.0168,0.88
50,overconfident,always_act,1.933,0.6134,0.3866,0.0
50,overconfident,always_ask,1.0,1.0,0.0,1.0
50,overconfident,threshold,1.1221,0.8874,0.1126,0.5591
50,underconfident,always_act,1.933,0.6134,0.3866,0.0
50,underconfident,always_ask,1.0,1.0,0.0,1.0
50,underconfident,threshold,0.9965,1.0,0.0,0.9965
50,noisy,always_act,2.128,0.5744,0.4256,0.0
50,noisy,always_ask,1.0,1.0,0.0,1.0
50,noisy,threshold,0.9975,0.9674,0.0326,0.8345
51,calibrated,always_act,1.929,0.6142,0.3858,0.0
51,calibrated,always_ask,1.0,1.0,0.0,1.0
51,calibrated,threshold,0.9537,0.9853,0.0147,0.8802
51,overconfident,always_act,1.929,0.6142,0.3858,0.0
51,overconfident,always_ask,1.0,1.0,0.0,1.0
51,overconfident,threshold,1.1191,0.8888,0.1112,0.5631
51,underconfident,always_act,1.929,0.6142,0.3858,0.0
51,underconfident,always_ask,1.0,1.0,0.0,1.0
51,underconfident,threshold,0.9975,0.9999,0.0001,0.997
51,noisy,always_act,2.136,0.5728,0.4272,0.0
51,noisy,always_ask,1.0,1.0,0.0,1.0
51,noisy,threshold,0.9991,0.9676,0.0324,0.8371
52,calibrated,always_act,1.9685,0.6063,0.3937,0.0
52,calibrated,always_ask,1.0,1.0,0.0,1.0
52,calibrated,threshold,0.9687,0.9826,0.0174,0.8817
52,overconfident,always_act,1.9685,0.6063,0.3937,0.0
52,overconfident,always_ask,1.0,1.0,0.0,1.0
52,overconfident,threshold,1.1443,0.8843,0.1157,0.5658
52,underconfident,always_act,1.9685,0.6063,0.3937,0.0
52,underconfident,always_ask,1.0,1.0,0.0,1.0
52,underconfident,threshold,0.9963,0.9999,0.0001,0.9958
52,noisy,always_act,2.1405,0.5719,0.4281,0.0
52,noisy,always_ask,1.0,1.0,0.0,1.0
52,noisy,threshold,1.0008,0.9677,0.0323,0.8393
53,calibrated,always_act,1.9445,0.6111,0.3889,0.0
53,calibrated,always_ask,1.0,1.0,0.0,1.0
53,calibrated,threshold,0.9605,0.9832,0.0168,0.8765
53,overconfident,always_act,1.9445,0.6111,0.3889,0.0
53,overconfident,always_ask,1.0,1.0,0.0,1.0
53,overconfident,threshold,1.1369,0.8844,0.1156,0.5589
53,underconfident,always_act,1.9445,0.6111,0.3889,0.0
53,underconfident,always_ask,1.0,1.0,0.0,1.0
53,underconfident,threshold,0.9956,0.9998,0.0002,0.9946
53,noisy,always_act,2.107,0.5786,0.4214,0.0
53,noisy,always_ask,1.0,1.0,0.0,1.0
53,noisy,threshold,1.0091,0.9643,0.0357,0.8306
54,calibrated,always_act,1.987,0.6026,0.3974,0.0
54,calibrated,always_ask,1.0,1.0,0.0,1.0
54,calibrated,threshold,0.9673,0.9832,0.0168,0.8833
54,overconfident,always_act,1.987,0.6026,0.3974,0.0
54,overconfident,always_ask,1.0,1.0,0.0,1.0
54,overconfident,threshold,1.1293,0.8883,0.1117,0.5708
54,underconfident,always_act,1.987,0.6026,0.3974,0.0
54,underconfident,always_ask,1.0,1.0,0.0,1.0
54,underconfident,threshold,0.9965,1.0,0.0,0.9965
54,noisy,always_act,2.1715,0.5657,0.4343,0.0
54,noisy,always_ask,1.0,1.0,0.0,1.0
54,noisy,threshold,1.0033,0.9666,0.0334,0.8363
55,calibrated,always_act,1.953,0.6094,0.3906,0.0
55,calibrated,always_ask,1.0,1.0,0.0,1.0
55,calibrated,threshold,0.9564,0.9851,0.0149,0.8819
55,overconfident,always_act,1.953,0.6094,0.3906,0.0
55,overconfident,always_ask,1.0,1.0,0.0,1.0
55,overconfident,threshold,1.126,0.8871,0.1129,0.5615
55,underconfident,always_act,1.953,0.6094,0.3906,0.0
55,underconfident,always_ask,1.0,1.0,0.0,1.0
55,underconfident,threshold,0.9966,1.0,0.0,0.9966
55,noisy,always_act,2.153,0.5694,0.4306,0.0
55,noisy,always_ask,1.0,1.0,0.0,1.0
55,noisy,threshold,0.9937,0.9693,0.0307,0.8402
56,calibrated,always_act,1.9365,0.6127,0.3873,0.0
56,calibrated,always_ask,1.0,1.0,0.0,1.0
56,calibrated,threshold,0.9634,0.9831,0.0169,0.8789
56,overconfident,always_act,1.9365,0.6127,0.3873,0.0
56,overconfident,always_ask,1.0,1.0,0.0,1.0
56,overconfident,threshold,1.1134,0.8883,0.1117,0.5549
56,underconfident,always_act,1.9365,0.6127,0.3873,0.0
56,underconfident,always_ask,1.0,1.0,0.0,1.0
56,underconfident,threshold,0.9962,1.0,0.0,0.9962
56,noisy,always_act,2.1295,0.5741,0.4259,0.0
56,noisy,always_ask,1.0,1.0,0.0,1.0
56,noisy,threshold,1.0034,0.9658,0.0342,0.8324
57,calibrated,always_act,1.966,0.6068,0.3932,0.0
57,calibrated,always_ask,1.0,1.0,0.0,1.0
57,calibrated,threshold,0.9596,0.9842,0.0158,0.8806
57,overconfident,always_act,1.966,0.6068,0.3932,0.0
57,overconfident,always_ask,1.0,1.0,0.0,1.0
57,overconfident,threshold,1.1278,0.8868,0.1132,0.5618
57,underconfident,always_act,1.966,0.6068,0.3932,0.0
57,underconfident,always_ask,1.0,1.0,0.0,1.0
57,underconfident,threshold,0.9972,0.9999,0.0001,0.9967
57,noisy,always_act,2.158,0.5684,0.4316,0.0
57,noisy,always_ask,1.0,1.0,0.0,1.0
57,noisy,threshold,1.009,0.9652,0.0348,0.835
58,calibrated,always_act,1.96,0.608,0.392,0.0
58,calibrated,always_ask,1.0,1.0,0.0,1.0
58,calibrated,threshold,0.9614,0.9842,0.0158,0.8824
58,overconfident,always_act,1.96,0.608,0.392,0.0
58,overconfident,always_ask,1.0,1.0,0.0,1.0
58,overconfident,threshold,1.146,0.8821,0.1179,0.5565
58,underconfident,always_act,1.96,0.608,0.392,0.0
58,underconfident,always_ask,1.0,1.0,0.0,1.0
58,underconfident,threshold,0.9966,0.9999,0.0001,0.9961
58,noisy,always_act,2.1645,0.5671,0.4329,0.0
58,noisy,always_ask,1.0,1.0,0.0,1.0
58,noisy,threshold,1.0084,0.9652,0.0348,0.8344
59,calibrated,always_act,1.94,0.612,0.388,0.0
59,calibrated,always_ask,1.0,1.0,0.0,1.0
59,calibrated,threshold,0.9557,0.9853,0.0147,0.8822
59,overconfident,always_act,1.94,0.612,0.388,0.0
59,overconfident,always_ask,1.0,1.0,0.0,1.0
59,overconfident,threshold,1.1242,0.8871,0.1129,0.5597
59,underconfident,always_act,1.94,0.612,0.388,0.0
59,underconfident,always_ask,1.0,1.0,0.0,1.0
59,underconfident,threshold,0.9962,0.9999,0.0001,0.9957
59,noisy,always_act,2.1435,0.5713,0.4287,0.0
59,noisy,always_ask,1.0,1.0,0.0,1.0
59,noisy,threshold,0.9968,0.9671,0.0329,0.8323
60,calibrated,always_act,1.9085,0.6183,0.3817,0.0
60,calibrated,always_ask,1.0,1.0,0.0,1.0
60,calibrated,threshold,0.9519,0.9858,0.0142,0.8809
60,overconfident,always_act,1.9085,0.6183,0.3817,0.0
60,overconfident,always_ask,1.0,1.0,0.0,1.0
60,overconfident,threshold,1.1262,0.8845,0.1155,0.5487
60,underconfident,always_act,1.9085,0.6183,0.3817,0.0
60,underconfident,always_ask,1.0,1.0,0.0,1.0
60,underconfident,threshold,0.9963,0.9999,0.0001,0.9958
60,noisy,always_act,2.0915,0.5817,0.4183,0.0
60,noisy,always_ask,1.0,1.0,0.0,1.0
60,noisy,threshold,0.9978,0.966,0.034,0.8278
61,calibrated,always_act,1.9495,0.6101,0.3899,0.0
61,calibrated,always_ask,1.0,1.0,0.0,1.0
61,calibrated,threshold,0.9531,0.9857,0.0143,0.8816
61,overconfident,always_act,1.9495,0.6101,0.3899,0.0
61,overconfident,always_ask,1.0,1.0,0.0,1.0
61,overconfident,threshold,1.1289,0.8853,0.1147,0.5554
61,underconfident,always_act,1.9495,0.6101,0.3899,0.0
61,underconfident,always_ask,1.0,1.0,0.0,1.0
61,underconfident,threshold,0.996,1.0,0.0,0.996
61,noisy,always_act,2.1105,0.5779,0.4221,0.0
61,noisy,always_ask,1.0,1.0,0.0,1.0
61,noisy,threshold,1.0027,0.9656,0.0344,0.8307
62,calibrated,always_act,1.961,0.6078,0.3922,0.0
62,calibrated,always_ask,1.0,1.0,0.0,1.0
62,calibrated,threshold,0.957,0.9847,0.0153,0.8805
62,overconfident,always_act,1.961,0.6078,0.3922,0.0
62,overconfident,always_ask,1.0,1.0,0.0,1.0
62,overconfident,threshold,1.1274,0.8852,0.1148,0.5534
62,underconfident,always_act,1.961,0.6078,0.3922,0.0
62,underconfident,always_ask,1.0,1.0,0.0,1.0
62,underconfident,threshold,0.9958,1.0,0.0,0.9958
62,noisy,always_act,2.1265,0.5747,0.4253,0.0
62,noisy,always_ask,1.0,1.0,0.0,1.0
62,noisy,threshold,0.9976,0.968,0.032,0.8376
63,calibrated,always_act,1.9255,0.6149,0.3851,0.0
63,calibrated,always_ask,1.0,1.0,0.0,1.0
63,calibrated,threshold,0.9674,0.9819,0.0181,0.8769
63,overconfident,always_act,1.9255,0.6149,0.3851,0.0
63,overconfident,always_ask,1.0,1.0,0.0,1.0
63,overconfident,threshold,1.1218,0.8863,0.1137,0.5533
63,underconfident,always_act,1.9255,0.6149,0.3851,0.0
63,underconfident,always_ask,1.0,1.0,0.0,1.0
63,underconfident,threshold,0.9969,0.9997,0.0003,0.9954
63,noisy,always_act,2.1055,0.5789,0.4211,0.0
63,noisy,always_ask,1.0,1.0,0.0,1.0
63,noisy,threshold,1.0124,0.9641,0.0359,0.8329
64,calibrated,always_act,1.941,0.6118,0.3882,0.0
64,calibrated,always_ask,1.0,1.0,0.0,1.0
64,calibrated,threshold,0.9661,0.9832,0.0168,0.8821
64,overconfident,always_act,1.941,0.6118,0.3882,0.0
64,overconfident,always_ask,1.0,1.0,0.0,1.0
64,overconfident,threshold,1.1587,0.8795,0.1205,0.5562
64,underconfident,always_act,1.941,0.6118,0.3882,0.0
64,underconfident,always_ask,1.0,1.0,0.0,1.0
64,underconfident,threshold,0.9967,1.0,0.0,0.9967
64,noisy,always_act,2.134,0.5732,0.4268,0.0
64,noisy,always_ask,1.0,1.0,0.0,1.0
64,noisy,threshold,1.0154,0.964,0.036,0.8354
65,calibrated,always_act,1.9195,0.6161,0.3839,0.0
65,calibrated,always_ask,1.0,1.0,0.0,1.0
65,calibrated,threshold,0.9516,0.9857,0.0143,0.8801
65,overconfident,always_act,1.9195,0.6161,0.3839,0.0
65,overconfident,always_ask,1.0,1.0,0.0,1.0
65,overconfident,threshold,1.1308,0.885,0.115,0.5558
65,underconfident,always_act,1.9195,0.6161,0.3839,0.0
65,underconfident,always_ask,1.0,1.0,0.0,1.0
65,underconfident,threshold,0.995,1.0,0.0,0.995
65,noisy,always_act,2.1105,0.5779,0.4221,0.0
65,noisy,always_ask,1.0,1.0,0.0,1.0
65,noisy,threshold,1.0029,0.9664,0.0336,0.8349
66,calibrated,always_act,1.9235,0.6153,0.3847,0.0
66,calibrated,always_ask,1.0,1.0,0.0,1.0
66,calibrated,threshold,0.9657,0.9835,0.0165,0.8832
66,overconfident,always_act,1.9235,0.6153,0.3847,0.0
66,overconfident,always_ask,1.0,1.0,0.0,1.0
66,overconfident,threshold,1.1061,0.8902,0.1098,0.5571
66,underconfident,always_act,1.9235,0.6153,0.3847,0.0
66,underconfident,always_ask,1.0,1.0,0.0,1.0
66,underconfident,threshold,0.9975,1.0,0.0,0.9975
66,noisy,always_act,2.1065,0.5787,0.4213,0.0
66,noisy,always_ask,1.0,1.0,0.0,1.0
66,noisy,threshold,1.0036,0.9663,0.0337,0.8351
67,calibrated,always_act,1.983,0.6034,0.3966,0.0
67,calibrated,always_ask,1.0,1.0,0.0,1.0
67,calibrated,threshold,0.9606,0.9831,0.0169,0.8761
67,overconfident,always_act,1.983,0.6034,0.3966,0.0
67,overconfident,always_ask,1.0,1.0,0.0,1.0
67,overconfident,threshold,1.126,0.8879,0.1121,0.5655
67,underconfident,always_act,1.983,0.6034,0.3966,0.0
67,underconfident,always_ask,1.0,1.0,0.0,1.0
67,underconfident,threshold,0.9955,1.0,0.0,0.9955
67,noisy,always_act,2.1365,0.5727,0.4273,0.0
67,noisy,always_ask,1.0,1.0,0.0,1.0
67,noisy,threshold,1.0097,0.9641,0.0359,0.8302
68,calibrated,always_act,1.922,0.6156,0.3844,0.0
68,calibrated,always_ask,1.0,1.0,0.0,1.0
68,calibrated,threshold,0.9526,0.9848,0.0152,0.8766
68,overconfident,always_act,1.922,0.6156,0.3844,0.0
68,overconfident,always_ask,1.0,1.0,0.0,1.0
68,overconfident,threshold,1.1405,0.8823,0.1177,0.552
68,underconfident,always_act,1.922,0.6156,0.3844,0.0
68,underconfident,always_ask,1.0,1.0,0.0,1.0
68,underconfident,threshold,0.9976,0.9997,0.0003,0.9961
68,noisy,always_act,2.097,0.5806,0.4194,0.0
68,noisy,always_ask,1.0,1.0,0.0,1.0
68,noisy,threshold,1.0013,0.9661,0.0339,0.8318
69,calibrated,always_act,1.9545,0.6091,0.3909,0.0
69,calibrated,always_ask,1.0,1.0,0.0,1.0
69,calibrated,threshold,0.9638,0.9825,0.0175,0.8763
69,overconfident,always_act,1.9545,0.6091,0.3909,0.0
69,overconfident,always_ask,1.0,1.0,0.0,1.0
69,overconfident,threshold,1.1291,0.8863,0.1137,0.5606
69,underconfident,always_act,1.9545,0.6091,0.3909,0.0
69,underconfident,always_ask,1.0,1.0,0.0,1.0
69,underconfident,threshold,0.9972,0.9998,0.0002,0.9962
69,noisy,always_act,2.1065,0.5787,0.4213,0.0
69,noisy,always_ask,1.0,1.0,0.0,1.0
69,noisy,threshold,1.0059,0.9653,0.0347,0.8324
70,calibrated,always_act,1.9035,0.6193,0.3807,0.0
70,calibrated,always_ask,1.0,1.0,0.0,1.0
70,calibrated,threshold,0.9551,0.9848,0.0152,0.8791
70,overconfident,always_act,1.9035,0.6193,0.3807,0.0
70,overconfident,always_ask,1.0,1.0,0.0,1.0
70,overconfident,threshold,1.0983,0.8917,0.1083,0.5568
70,underconfident,always_act,1.9035,0.6193,0.3807,0.0
70,underconfident,always_ask,1.0,1.0,0.0,1.0
70,underconfident,threshold,0.9985,0.9995,0.0005,0.996
70,noisy,always_act,2.0735,0.5853,0.4147,0.0
70,noisy,always_ask,1.0,1.0,0.0,1.0
70,noisy,threshold,0.988,0.9691,0.0309,0.8335
71,calibrated,always_act,1.97,0.606,0.394,0.0
71,calibrated,always_ask,1.0,1.0,0.0,1.0
71,calibrated,threshold,0.968,0.983,0.017,0.883
71,overconfident,always_act,1.97,0.606,0.394,0.0
71,overconfident,always_ask,1.0,1.0,0.0,1.0
71,overconfident,threshold,1.1409,0.8838,0.1162,0.5599
71,underconfident,always_act,1.97,0.606,0.394,0.0
71,underconfident,always_ask,1.0,1.0,0.0,1.0
71,underconfident,threshold,0.9971,0.9998,0.0002,0.9961
71,noisy,always_act,2.1525,0.5695,0.4305,0.0
71,noisy,always_ask,1.0,1.0,0.0,1.0
71,noisy,threshold,1.0201,0.9625,0.0375,0.8326
72,calibrated,always_act,1.9505,0.6099,0.3901,0.0
72,calibrated,always_ask,1.0,1.0,0.0,1.0
72,calibrated,threshold,0.9477,0.9868,0.0132,0.8817
72,overconfident,always_act,1.9505,0.6099,0.3901,0.0
72,overconfident,always_ask,1.0,1.0,0.0,1.0
72,overconfident,threshold,1.1033,0.8913,0.1087,0.5598
72,underconfident,always_act,1.9505,0.6099,0.3901,0.0
72,underconfident,always_ask,1.0,1.0,0.0,1.0
72,underconfident,threshold,0.9966,0.9999,0.0001,0.9961
72,noisy,always_act,2.077,0.5846,0.4154,0.0
72,noisy,always_ask,1.0,1.0,0.0,1.0
72,noisy,threshold,1.006,0.9653,0.0347,0.8325
73,calibrated,always_act,1.909,0.6182,0.3818,0.0
73,calibrated,always_ask,1.0,1.0,0.0,1.0
73,calibrated,threshold,0.9507,0.9854,0.0146,0.8777
73,overconfident,always_act,1.909,0.6182,0.3818,0.0
73,overconfident,always_ask,1.0,1.0,0.0,1.0
73,overconfident,threshold,1.1086,0.8903,0.1097,0.5601
73,underconfident,always_act,1.909,0.6182,0.3818,0.0
73,underconfident,always_ask,1.0,1.0,0.0,1.0
73,underconfident,threshold,0.9966,0.9999,0.0001,0.9961
73,noisy,always_act,2.124,0.5752,0.4248,0.0
73,noisy,always_ask,1.0,1.0,0.0,1.0
73,noisy,threshold,1.0019,0.9657,0.0343,0.8304
74,calibrated,always_act,1.938,0.6124,0.3876,0.0
74,calibrated,always_ask,1.0,1.0,0.0,1.0
74,calibrated,threshold,0.9574,0.9848,0.0152,0.8814
74,overconfident,always_act,1.938,0.6124,0.3876,0.0
74,overconfident,always_ask,1.0,1.0,0.0,1.0
74,overconfident,threshold,1.1127,0.8892,0.1108,0.5587
74,underconfident,always_act,1.938,0.6124,0.3876,0.0
74,underconfident,always_ask,1.0,1.0,0.0,1.0
74,underconfident,threshold,0.9967,1.0,0.0,0.9967
74,noisy,always_act,2.0995,0.5801,0.4199,0.0
74,noisy,always_ask,1.0,1.0,0.0,1.0
74,noisy,threshold,1.0041,0.9658,0.0342,0.8331
75,calibrated,always_act,1.962,0.6076,0.3924,0.0
75,calibrated,always_ask,1.0,1.0,0.0,1.0
75,calibrated,threshold,0.9617,0.9841,0.0159,0.8822
75,overconfident,always_act,1.962,0.6076,0.3924,0.0
75,overconfident,always_ask,1.0,1.0,0.0,1.0
75,overconfident,threshold,1.1237,0.8888,0.1112,0.5677
75,underconfident,always_act,1.962,0.6076,0.3924,0.0
75,underconfident,always_ask,1.0,1.0,0.0,1.0
75,underconfident,threshold,0.9986,0.9999,0.0001,0.9981
75,noisy,always_act,2.1535,0.5693,0.4307,0.0
75,noisy,always_ask,1.0,1.0,0.0,1.0
75,noisy,threshold,0.9937,0.9693,0.0307,0.8402
76,calibrated,always_act,1.9345,0.6131,0.3869,0.0
76,calibrated,always_ask,1.0,1.0,0.0,1.0
76,calibrated,threshold,0.9553,0.9846,0.0154,0.8783
76,overconfident,always_act,1.9345,0.6131,0.3869,0.0
76,overconfident,always_ask,1.0,1.0,0.0,1.0
76,overconfident,threshold,1.1098,0.8896,0.1104,0.5578
76,underconfident,always_act,1.9345,0.6131,0.3869,0.0
76,underconfident,always_ask,1.0,1.0,0.0,1.0
76,underconfident,threshold,0.9961,1.0,0.0,0.9961
76,noisy,always_act,2.0855,0.5829,0.4171,0.0
76,noisy,always_ask,1.0,1.0,0.0,1.0
76,noisy,threshold,0.9979,0.9674,0.0326,0.8349
77,calibrated,always_act,1.894,0.6212,0.3788,0.0
77,calibrated,always_ask,1.0,1.0,0.0,1.0
77,calibrated,threshold,0.9563,0.9848,0.0152,0.8803
77,overconfident,always_act,1.894,0.6212,0.3788,0.0
77,overconfident,always_ask,1.0,1.0,0.0,1.0
77,overconfident,threshold,1.1147,0.8906,0.1094,0.5677
77,underconfident,always_act,1.894,0.6212,0.3788,0.0
77,underconfident,always_ask,1.0,1.0,0.0,1.0
77,underconfident,threshold,0.9974,0.9999,0.0001,0.9969
77,noisy,always_act,2.095,0.581,0.419,0.0
77,noisy,always_ask,1.0,1.0,0.0,1.0
77,noisy,threshold,1.0065,0.9651,0.0349,0.832
78,calibrated,always_act,1.931,0.6138,0.3862,0.0
78,calibrated,always_ask,1.0,1.0,0.0,1.0
78,calibrated,threshold,0.9551,0.9852,0.0148,0.8811
78,overconfident,always_act,1.931,0.6138,0.3862,0.0
78,overconfident,always_ask,1.0,1.0,0.0,1.0
78,overconfident,threshold,1.1152,0.8874,0.1126,0.5522
78,underconfident,always_act,1.931,0.6138,0.3862,0.0
78,underconfident,always_ask,1.0,1.0,0.0,1.0
78,underconfident,threshold,0.997,1.0,0.0,0.997
78,noisy,always_act,2.0715,0.5857,0.4143,0.0
78,noisy,always_ask,1.0,1.0,0.0,1.0
78,noisy,threshold,1.0003,0.9671,0.0329,0.8358
79,calibrated,always_act,2.0005,0.5999,0.4001,0.0
79,calibrated,always_ask,1.0,1.0,0.0,1.0
79,calibrated,threshold,0.9602,0.9836,0.0164,0.8782
79,overconfident,always_act,2.0005,0.5999,0.4001,0.0
79,overconfident,always_ask,1.0,1.0,0.0,1.0
79,overconfident,threshold,1.1377,0.8838,0.1162,0.5567
79,underconfident,always_act,2.0005,0.5999,0.4001,0.0
79,underconfident,always_ask,1.0,1.0,0.0,1.0
79,underconfident,threshold,0.9951,1.0,0.0,0.9951
79,noisy,always_act,2.1355,0.5729,0.4271,0.0
79,noisy,always_ask,1.0,1.0,0.0,1.0
79,noisy,threshold,1.0097,0.9654,0.0346,0.8367
80,calibrated,always_act,1.9545,0.6091,0.3909,0.0
80,calibrated,always_ask,1.0,1.0,0.0,1.0
80,calibrated,threshold,0.9718,0.9817,0.0183,0.8803
80,overconfident,always_act,1.9545,0.6091,0.3909,0.0
80,overconfident,always_ask,1.0,1.0,0.0,1.0
80,overconfident,threshold,1.14,0.8836,0.1164,0.558
80,underconfident,always_act,1.9545,0.6091,0.3909,0.0
80,underconfident,always_ask,1.0,1.0,0.0,1.0
80,underconfident,threshold,0.9966,1.0,0.0,0.9966
80,noisy,always_act,2.1185,0.5763,0.4237,0.0
80,noisy,always_ask,1.0,1.0,0.0,1.0
80,noisy,threshold,1.013,0.9633,0.0367,0.8295
81,calibrated,always_act,1.971,0.6058,0.3942,0.0
81,calibrated,always_ask,1.0,1.0,0.0,1.0
81,calibrated,threshold,0.9545,0.9855,0.0145,0.882
81,overconfident,always_act,1.971,0.6058,0.3942,0.0
81,overconfident,always_ask,1.0,1.0,0.0,1.0
81,overconfident,threshold,1.1274,0.8873,0.1127,0.5639
81,underconfident,always_act,1.971,0.6058,0.3942,0.0
81,underconfident,always_ask,1.0,1.0,0.0,1.0
81,underconfident,threshold,0.9975,0.9998,0.0002,0.9965
81,noisy,always_act,2.11,0.578,0.422,0.0
81,noisy,always_ask,1.0,1.0,0.0,1.0
81,noisy,threshold,1.0001,0.9672,0.0328,0.8361
82,calibrated,always_act,1.9655,0.6069,0.3931,0.0
82,calibrated,always_ask,1.0,1.0,0.0,1.0
82,calibrated,threshold,0.9682,0.983,0.017,0.8832
82,overconfident,always_act,1.9655,0.6069,0.3931,0.0
82,overconfident,always_ask,1.0,1.0,0.0,1.0
82,overconfident,threshold,1.1153,0.8899,0.1101,0.5648
82,underconfident,always_act,1.9655,0.6069,0.3931,0.0
82,underconfident,always_ask,1.0,1.0,0.0,1.0
82,underconfident,threshold,0.9971,0.9998,0.0002,0.9961
82,noisy,always_act,2.135,0.573,0.427,0.0
82,noisy,always_ask,1.0,1.0,0.0,1.0
82,noisy,threshold,1.0017,0.9674,0.0326,0.8387
83,calibrated,always_act,1.93,0.614,0.386,0.0
83,calibrated,always_ask,1.0,1.0,0.0,1.0
83,calibrated,threshold,0.9575,0.9845,0.0155,0.88
83,overconfident,always_act,1.93,0.614,0.386,0.0
83,overconfident,always_ask,1.0,1.0,0.0,1.0
83,overconfident,threshold,1.0905,0.8935,0.1065,0.558
83,underconfident,always_act,1.93,0.614,0.386,0.0
83,underconfident,always_ask,1.0,1.0,0.0,1.0
83,underconfident,threshold,0.997,1.0,0.0,0.997
83,noisy,always_act,2.0565,0.5887,0.4113,0.0
83,noisy,always_ask,1.0,1.0,0.0,1.0
83,noisy,threshold,1.0048,0.9658,0.0342,0.8338
84,calibrated,always_act,1.943,0.6114,0.3886,0.0
84,calibrated,always_ask,1.0,1.0,0.0,1.0
84,calibrated,threshold,0.9541,0.9861,0.0139,0.8846
84,overconfident,always_act,1.943,0.6114,0.3886,0.0
84,overconfident,always_ask,1.0,1.0,0.0,1.0
84,overconfident,threshold,1.119,0.8864,0.1136,0.551
84,underconfident,always_act,1.943,0.6114,0.3886,0.0
84,underconfident,always_ask,1.0,1.0,0.0,1.0
84,underconfident,threshold,0.9961,1.0,0.0,0.9961
84,noisy,always_act,2.093,0.5814,0.4186,0.0
84,noisy,always_ask,1.0,1.0,0.0,1.0
84,noisy,threshold,1.0078,0.9658,0.0342,0.8368
85,calibrated,always_act,1.933,0.6134,0.3866,0.0
85,calibrated,always_ask,1.0,1.0,0.0,1.0
85,calibrated,threshold,0.9498,0.9861,0.0139,0.8803
85,overconfident,always_act,1.933,0.6134,0.3866,0.0
85,overconfident,always_ask,1.0,1.0,0.0,1.0
85,overconfident,threshold,1.1251,0.8858,0.1142,0.5541
85,underconfident,always_act,1.933,0.6134,0.3866,0.0
85,underconfident,always_ask,1.0,1.0,0.0,1.0
85,underconfident,threshold,0.9964,1.0,0.0,0.9964
85,noisy,always_act,2.079,0.5842,0.4158,0.0
85,noisy,always_ask,1.0,1.0,0.0,1.0
85,noisy,threshold,1.0054,0.9661,0.0339,0.8359
86,calibrated,always_act,1.9405,0.6119,0.3881,0.0
86,calibrated,always_ask,1.0,1.0,0.0,1.0
86,calibrated,threshold,0.9607,0.9825,0.0175,0.8732
86,overconfident,always_act,1.9405,0.6119,0.3881,0.0
86,overconfident,always_ask,1.0,1.0,0.0,1.0
86,overconfident,threshold,1.1157,0.8876,0.1124,0.5537
86,underconfident,always_act,1.9405,0.6119,0.3881,0.0
86,underconfident,always_ask,1.0,1.0,0.0,1.0
86,underconfident,threshold,0.9978,0.9998,0.0002,0.9968
86,noisy,always_act,2.102,0.5796,0.4204,0.0
86,noisy,always_ask,1.0,1.0,0.0,1.0
86,noisy,threshold,0.9998,0.9655,0.0345,0.8273
87,calibrated,always_act,1.965,0.607,0.393,0.0
87,calibrated,always_ask,1.0,1.0,0.0,1.0
87,calibrated,threshold,0.9537,0.9854,0.0146,0.8807
87,overconfident,always_act,1.965,0.607,0.393,0.0
87,overconfident,always_ask,1.0,1.0,0.0,1.0
87,overconfident,threshold,1.152,0.8816,0.1184,0.56
87,underconfident,always_act,1.965,0.607,0.393,0.0
87,underconfident,always_ask,1.0,1.0,0.0,1.0
87,underconfident,threshold,0.9972,0.9999,0.0001,0.9967
87,noisy,always_act,2.118,0.5764,0.4236,0.0
87,noisy,always_ask,1.0,1.0,0.0,1.0
87,noisy,threshold,1.0063,0.9651,0.0349,0.8318
88,calibrated,always_act,1.9375,0.6125,0.3875,0.0
88,calibrated,always_ask,1.0,1.0,0.0,1.0
88,calibrated,threshold,0.9535,0.9866,0.0134,0.8865
88,overconfident,always_act,1.9375,0.6125,0.3875,0.0
88,overconfident,always_ask,1.0,1.0,0.0,1.0
88,overconfident,threshold,1.1294,0.8856,0.1144,0.5574
88,underconfident,always_act,1.9375,0.6125,0.3875,0.0
88,underconfident,always_ask,1.0,1.0,0.0,1.0
88,underconfident,threshold,0.997,0.9999,0.0001,0.9965
88,noisy,always_act,2.1165,0.5767,0.4233,0.0
88,noisy,always_ask,1.0,1.0,0.0,1.0
88,noisy,threshold,1.0018,0.9675,0.0325,0.8393
89,calibrated,always_act,1.9585,0.6083,0.3917,0.0
89,calibrated,always_ask,1.0,1.0,0.0,1.0
89,calibrated,threshold,0.9537,0.9844,0.0156,0.8757
89,overconfident,always_act,1.9585,0.6083,0.3917,0.0
89,overconfident,always_ask,1.0,1.0,0.0,1.0
89,overconfident,threshold,1.1395,0.8848,0.1152,0.5635
89,underconfident,always_act,1.9585,0.6083,0.3917,0.0
89,underconfident,always_ask,1.0,1.0,0.0,1.0
89,underconfident,threshold,0.9966,0.9999,0.0001,0.9961
89,noisy,always_act,2.0975,0.5805,0.4195,0.0
89,noisy,always_ask,1.0,1.0,0.0,1.0
89,noisy,threshold,0.9971,0.9668,0.0332,0.8311
90,calibrated,always_act,1.946,0.6108,0.3892,0.0
90,calibrated,always_ask,1.0,1.0,0.0,1.0
90,calibrated,threshold,0.9624,0.9818,0.0182,0.8714
90,overconfident,always_act,1.946,0.6108,0.3892,0.0
90,overconfident,always_ask,1.0,1.0,0.0,1.0
90,overconfident,threshold,1.1221,0.8856,0.1144,0.5501
90,underconfident,always_act,1.946,0.6108,0.3892,0.0
90,underconfident,always_ask,1.0,1.0,0.0,1.0
90,underconfident,threshold,0.9951,1.0,0.0,0.9951
90,noisy,always_act,2.0955,0.5809,0.4191,0.0
90,noisy,always_ask,1.0,1.0,0.0,1.0
90,noisy,threshold,1.0076,0.9631,0.0369,0.8231
91,calibrated,always_act,1.9495,0.6101,0.3899,0.0
91,calibrated,always_ask,1.0,1.0,0.0,1.0
91,calibrated,threshold,0.9618,0.9843,0.0157,0.8833
91,overconfident,always_act,1.9495,0.6101,0.3899,0.0
91,overconfident,always_ask,1.0,1.0,0.0,1.0
91,overconfident,threshold,1.1369,0.8826,0.1174,0.5499
91,underconfident,always_act,1.9495,0.6101,0.3899,0.0
91,underconfident,always_ask,1.0,1.0,0.0,1.0
91,underconfident,threshold,0.9963,1.0,0.0,0.9963
91,noisy,always_act,2.105,0.579,0.421,0.0
91,noisy,always_ask,1.0,1.0,0.0,1.0
91,noisy,threshold,1.008,0.9648,0.0352,0.832
92,calibrated,always_act,1.978,0.6044,0.3956,0.0
92,calibrated,always_ask,1.0,1.0,0.0,1.0
92,calibrated,threshold,0.9612,0.9833,0.0167,0.8777
92,overconfident,always_act,1.978,0.6044,0.3956,0.0
92,overconfident,always_ask,1.0,1.0,0.0,1.0
92,overconfident,threshold,1.1419,0.8826,0.1174,0.5549
92,underconfident,always_act,1.978,0.6044,0.3956,0.0
92,underconfident,always_ask,1.0,1.0,0.0,1.0
92,underconfident,threshold,0.9964,1.0,0.0,0.9964
92,noisy,always_act,2.1315,0.5737,0.4263,0.0
92,noisy,always_ask,1.0,1.0,0.0,1.0
92,noisy,threshold,1.0067,0.9657,0.0343,0.8352
93,calibrated,always_act,1.9525,0.6095,0.3905,0.0
93,calibrated,always_ask,1.0,1.0,0.0,1.0
93,calibrated,threshold,0.9651,0.9832,0.0168,0.8811
93,overconfident,always_act,1.9525,0.6095,0.3905,0.0
93,overconfident,always_ask,1.0,1.0,0.0,1.0
93,overconfident,threshold,1.1379,0.8831,0.1169,0.5534
93,underconfident,always_act,1.9525,0.6095,0.3905,0.0
93,underconfident,always_ask,1.0,1.0,0.0,1.0
93,underconfident,threshold,0.9973,0.9999,0.0001,0.9968
93,noisy,always_act,2.139,0.5722,0.4278,0.0
93,noisy,always_ask,1.0,1.0,0.0,1.0
93,noisy,threshold,1.0227,0.9627,0.0373,0.8362
94,calibrated,always_act,1.963,0.6074,0.3926,0.0
94,calibrated,always_ask,1.0,1.0,0.0,1.0
94,calibrated,threshold,0.9679,0.9826,0.0174,0.8809
94,overconfident,always_act,1.963,0.6074,0.3926,0.0
94,overconfident,always_ask,1.0,1.0,0.0,1.0
94,overconfident,threshold,1.1505,0.8818,0.1182,0.5595
94,underconfident,always_act,1.963,0.6074,0.3926,0.0
94,underconfident,always_ask,1.0,1.0,0.0,1.0
94,underconfident,threshold,0.9961,0.9999,0.0001,0.9956
94,noisy,always_act,2.122,0.5756,0.4244,0.0
94,noisy,always_ask,1.0,1.0,0.0,1.0
94,noisy,threshold,1.013,0.9639,0.0361,0.8325
95,calibrated,always_act,1.93,0.614,0.386,0.0
95,calibrated,always_ask,1.0,1.0,0.0,1.0
95,calibrated,threshold,0.9542,0.985,0.015,0.8792
95,overconfident,always_act,1.93,0.614,0.386,0.0
95,overconfident,always_ask,1.0,1.0,0.0,1.0
95,overconfident,threshold,1.1034,0.8908,0.1092,0.5574
95,underconfident,always_act,1.93,0.614,0.386,0.0
95,underconfident,always_ask,1.0,1.0,0.0,1.0
95,underconfident,threshold,0.9977,0.9999,0.0001,0.9972
95,noisy,always_act,2.114,0.5772,0.4228,0.0
95,noisy,always_ask,1.0,1.0,0.0,1.0
95,noisy,threshold,0.9904,0.9685,0.0315,0.8329
96,calibrated,always_act,1.97,0.606,0.394,0.0
96,calibrated,always_ask,1.0,1.0,0.0,1.0
96,calibrated,threshold,0.9597,0.9837,0.0163,0.8782
96,overconfident,always_act,1.97,0.606,0.394,0.0
96,overconfident,always_ask,1.0,1.0,0.0,1.0
96,overconfident,threshold,1.1317,0.8862,0.1138,0.5627
96,underconfident,always_act,1.97,0.606,0.394,0.0
96,underconfident,always_ask,1.0,1.0,0.0,1.0
96,underconfident,threshold,0.9972,1.0,0.0,0.9972
96,noisy,always_act,2.154,0.5692,0.4308,0.0
96,noisy,always_ask,1.0,1.0,0.0,1.0
96,noisy,threshold,1.0126,0.9644,0.0356,0.8346
97,calibrated,always_act,1.9455,0.6109,0.3891,0.0
97,calibrated,always_ask,1.0,1.0,0.0,1.0
97,calibrated,threshold,0.9522,0.9848,0.0152,0.8762
97,overconfident,always_act,1.9455,0.6109,0.3891,0.0
97,overconfident,always_ask,1.0,1.0,0.0,1.0
97,overconfident,threshold,1.1186,0.888,0.112,0.5586
97,underconfident,always_act,1.9455,0.6109,0.3891,0.0
97,underconfident,always_ask,1.0,1.0,0.0,1.0
97,underconfident,threshold,0.9967,0.9998,0.0002,0.9957
97,noisy,always_act,2.128,0.5744,0.4256,0.0
97,noisy,always_ask,1.0,1.0,0.0,1.0
97,noisy,threshold,0.9985,0.9666,0.0334,0.8315
98,calibrated,always_act,1.8975,0.6205,0.3795,0.0
98,calibrated,always_ask,1.0,1.0,0.0,1.0
98,calibrated,threshold,0.9575,0.9854,0.0146,0.8845
98,overconfident,always_act,1.8975,0.6205,0.3795,0.0
98,overconfident,always_ask,1.0,1.0,0.0,1.0
98,overconfident,threshold,1.1011,0.893,0.107,0.5661
98,underconfident,always_act,1.8975,0.6205,0.3795,0.0
98,underconfident,always_ask,1.0,1.0,0.0,1.0
98,underconfident,threshold,0.9982,0.9999,0.0001,0.9977
98,noisy,always_act,2.07,0.586,0.414,0.0
98,noisy,always_ask,1.0,1.0,0.0,1.0
98,noisy,threshold,0.9868,0.9703,0.0297,0.8383
99,calibrated,always_act,1.937,0.6126,0.3874,0.0
99,calibrated,always_ask,1.0,1.0,0.0,1.0
99,calibrated,threshold,0.9576,0.9842,0.0158,0.8786
99,overconfident,always_act,1.937,0.6126,0.3874,0.0
99,overconfident,always_ask,1.0,1.0,0.0,1.0
99,overconfident,threshold,1.1209,0.8886,0.1114,0.5639
99,underconfident,always_act,1.937,0.6126,0.3874,0.0
99,underconfident,always_ask,1.0,1.0,0.0,1.0
99,underconfident,threshold,0.9975,0.9999,0.0001,0.997
99,noisy,always_act,2.1135,0.5773,0.4227,0.0
99,noisy,always_ask,1.0,1.0,0.0,1.0
99,noisy,threshold,1.0141,0.9639,0.0361,0.8336
